SQL> create table client_master
  2  (client_no varchar(6) constraint clie_pri PRIMARY KEY,
  3  name varchar(30) not null,
  4  add1 varchar(30),
  5  add2 varchar(30),
  6  city varchar(15),
  7  pincode number(8),
  8  state varchar(15),
  9  bal_due number(10,2),
 10  constraint clie_id_like check (client_no like 'C%'))
 11  /

Table created.

SQL> 
SQL> create table product_master
  2  (product_no varchar(6) constraint product_pri PRIMARY KEY,
  3  descr varchar(15) not null,
  4  profit_percent number(4,2) not null,
  5  unit_measure varchar(10) not null,
  6  qty_on_hand number(8)not null,
  7  reorder_lvl number(8,2)not null,
  8  sell_price number(8,2)not null check (sell_price>0),
  9  cost_price number(8,2)not null check (cost_price>0),
 10  constraint pro_id_like check (product_no like 'P%'))
 11  /

Table created.

SQL> 
SQL> create table salesman_master
  2  (salesman_no varchar(6) constraint sales_no_pri PRIMARY KEY,
  3  salesman_name varchar(30) not null,
  4  address1 varchar(30),
  5  address2 varchar(30),
  6  city varchar(15),
  7  pincode number(8),
  8  state varchar(20),
  9  sal_amt number(8,2),
 10  tgt_to_get number(6,2),
 11  ytd_sales number(6,2),
 12  remarks varchar(30),
 13  constraint sales_no_like check (salesman_no like 'S%'))
 14  /

Table created.

SQL> 
SQL> create table sales_order
  2  (order_no varchar(6) constraint sales_pri PRIMARY KEY,
  3  client_no varchar(6) constraint sales_ref_client REFERENCES client_master (client_no) ON DELETE CASCADE,
  4  order_date date not null,
  5  delt_addr varchar(25),
  6  salesman_no varchar(6) constraint sales_ref_sels REFERENCES salesman_master(salesman_no) ON DELETE CASCADE,
  7  dely_type char(1) DEFAULT 'F' check(dely_type in('P','F')),
  8  bill_yn char(1),
  9  dely_date date,
 10  order_state varchar(10) constraint sales_state_ch check (order_state in('IN PROCESS','FULFILLED','BACKORDER','CANCELLED')),
 11  constraint so_date check(order_date<dely_date))
 12  /

Table created.

SQL> 
SQL> create table sales_order_details
  2  (order_no varchar(6) constraint sales_ord_de REFERENCES sales_order(order_no) ON DELETE CASCADE,
  3  product_no varchar(6) constraint sales_pro_mas REFERENCES product_master(product_no) ON DELETE CASCADE,
  4  qty_ordered number(8),
  5  qty_disp number(8),
  6  product_rate number(10,2))
  7  /

Table created.

SQL> 
SQL> CREATE TABLE CHALLAN_HEADER
  2  (CHALLAN_NO VARCHAR2(6) PRIMARY KEY,
  3  S_ORDER_NO VARCHAR2(6) REFERENCES SALES_ORDER(ORDER_NO),
  4  CHALLAN_DATE DATE NOT NULL,
  5  BILLED_YN CHAR(1) DEFAULT 'N' CHECK( BILLED_YN IN ('Y','N')),
  6  CONSTRAINT PRI_CH_H CHECK(CHALLAN_NO LIKE 'CH%'))
  7  /

Table created.

SQL> 
SQL> CREATE TABLE CHALLAN_DETAILS
  2  (CHALLAN_NO VARCHAR2(6) REFERENCES CHALLAN_HEADER(CHALLAN_NO),
  3  PRODUCT_NO VARCHAR2(6) REFERENCES PRODUCT_MASTER(PRODUCT_NO),
  4  QTY_DISP NUMBER(3))
  5  /

Table created.

SQL> SELECT * FROM TAB;

TNAME                          TABTYPE  CLUSTERID                               
------------------------------ ------- ----------                               
BONUS                          TABLE                                            
CHALLAN_DETAILS                TABLE                                            
CHALLAN_HEADER                 TABLE                                            
CLIENT_MASTER                  TABLE                                            
DEPT                           TABLE                                            
DUMMY                          TABLE                                            
EMP                            TABLE                                            
PRODUCT_MASTER                 TABLE                                            
SALESMAN_MASTER                TABLE                                            
SALES_ORDER                    TABLE                                            
SALES_ORDER_DETAILS            TABLE                                            

TNAME                          TABTYPE  CLUSTERID                               
------------------------------ ------- ----------                               
SALGRADE                       TABLE                                            

12 rows selected.

SQL> SELECT * FROM challan_details;

no rows selected

SQL> desc challan_details;
 Name                                      Null?    Type
 ----------------------------------------- -------- ----------------------------
 CHALLAN_NO                                         VARCHAR2(6)
 PRODUCT_NO                                         VARCHAR2(6)
 QTY_DISP                                           NUMBER(3)

SQL> INSERT INTO challan_details(challan_no, product_no, qty_disp) VALUES ('CH9001', 'P00001', 4);
INSERT INTO challan_details(challan_no, product_no, qty_disp) VALUES ('CH9001', 'P00001', 4)
*
ERROR at line 1:
ORA-02291: integrity constraint (SCOTT.SYS_C007034) violated - parent key not 
found 


SQL> SELECT * FROM TAB;

TNAME                          TABTYPE  CLUSTERID                               
------------------------------ ------- ----------                               
BONUS                          TABLE                                            
CHALLAN_DETAILS                TABLE                                            
CHALLAN_HEADER                 TABLE                                            
CLIENT_MASTER                  TABLE                                            
DEPT                           TABLE                                            
DUMMY                          TABLE                                            
EMP                            TABLE                                            
PRODUCT_MASTER                 TABLE                                            
SALESMAN_MASTER                TABLE                                            
SALES_ORDER                    TABLE                                            
SALES_ORDER_DETAILS            TABLE                                            

TNAME                          TABTYPE  CLUSTERID                               
------------------------------ ------- ----------                               
SALGRADE                       TABLE                                            

12 rows selected.

SQL> SELECT * FROM client_master;

no rows selected

SQL> desc client_master;
 Name                                      Null?    Type
 ----------------------------------------- -------- ----------------------------
 CLIENT_NO                                 NOT NULL VARCHAR2(6)
 NAME                                      NOT NULL VARCHAR2(30)
 ADD1                                               VARCHAR2(30)
 ADD2                                               VARCHAR2(30)
 CITY                                               VARCHAR2(15)
 PINCODE                                            NUMBER(8)
 STATE                                              VARCHAR2(15)
 BAL_DUE                                            NUMBER(10,2)

SQL> INSERT INTO client_master (client_no, name, city, pincode, state, bal_due) VALUES ('C00001', 'Ivan Bayross', 'Bombay', 400054, 'Maharashtra', 15000);

1 row created.

SQL> INSERT INTO client_master (client_no, name, city, pincode, state, bal_due) VALUES ('C00002', 'Vandana Saitwal', 'Madras', 780001, 'Tamil Nadu', 0); /
  2  INSERT INTO client_master (client_no, name, city, pincode, state, bal_due) VALUES ('C00003', 'Pramada Jahuste', 'Bombay', 400057, 'Maharashtra', 5000); /
  3  INSERT INTO client_master (client_no, name, city, pincode, state, bal_due) VALUES ('C00004', 'Basu Navindgi', 'Bombay', 400056, 'Maharashtra', 0); /
  4  INSERT INTO client_master (client_no, name, city, pincode, state, bal_due) VALUES ('C00005', 'Ravi Sreedharan', 'Delhi', 100001, '', 2000); /
  5  INSERT INTO client_master (client_no, name, city, pincode, state, bal_due) VALUES ('C00006', 'Rukmini', 'Bombay', 400050, 'Maharashtra', 0); /
  6  ;
INSERT INTO client_master (client_no, name, city, pincode, state, bal_due) VALUES ('C00002', 'Vandana Saitwal', 'Madras', 780001, 'Tamil Nadu', 0); /
                                                                                                                                                  *
ERROR at line 1:
ORA-00911: invalid character 


SQL> INSERT INTO client_master (client_no, name, city, pincode, state, bal_due) VALUES ('C00002', 'Vandana Saitwal', 'Madras', 780001, 'Tamil Nadu', 0);

1 row created.

SQL> /
INSERT INTO client_master (client_no, name, city, pincode, state, bal_due) VALUES ('C00002', 'Vandana Saitwal', 'Madras', 780001, 'Tamil Nadu', 0)
*
ERROR at line 1:
ORA-00001: unique constraint (SCOTT.CLIE_PRI) violated 


SQL> INSERT INTO client_master (client_no, name, city, pincode, state, bal_due) VALUES ('C00003', 'Pramada Jahuste', 'Bombay', 400057, 'Maharashtra', 5000);

1 row created.

SQL> /
INSERT INTO client_master (client_no, name, city, pincode, state, bal_due) VALUES ('C00003', 'Pramada Jahuste', 'Bombay', 400057, 'Maharashtra', 5000)
*
ERROR at line 1:
ORA-00001: unique constraint (SCOTT.CLIE_PRI) violated 


SQL> INSERT INTO client_master (client_no, name, city, pincode, state, bal_due) VALUES ('C00004', 'Basu Navindgi', 'Bombay', 400056, 'Maharashtra', 0);

1 row created.

SQL> /
INSERT INTO client_master (client_no, name, city, pincode, state, bal_due) VALUES ('C00004', 'Basu Navindgi', 'Bombay', 400056, 'Maharashtra', 0)
*
ERROR at line 1:
ORA-00001: unique constraint (SCOTT.CLIE_PRI) violated 


SQL> INSERT INTO client_master (client_no, name, city, pincode, state, bal_due) VALUES ('C00005', 'Ravi Sreedharan', 'Delhi', 100001, '', 2000);

1 row created.

SQL> /
INSERT INTO client_master (client_no, name, city, pincode, state, bal_due) VALUES ('C00005', 'Ravi Sreedharan', 'Delhi', 100001, '', 2000)
*
ERROR at line 1:
ORA-00001: unique constraint (SCOTT.CLIE_PRI) violated 


SQL> INSERT INTO client_master (client_no, name, city, pincode, state, bal_due) VALUES ('C00006', 'Rukmini', 'Bombay', 400050, 'Maharashtra', 0);

1 row created.

SQL> /
INSERT INTO client_master (client_no, name, city, pincode, state, bal_due) VALUES ('C00006', 'Rukmini', 'Bombay', 400050, 'Maharashtra', 0)
*
ERROR at line 1:
ORA-00001: unique constraint (SCOTT.CLIE_PRI) violated 


SQL> INSERT INTO client_master (client_no, name, city, pincode, state, bal_due) VALUES ('C00002', 'Vandana Saitwal', 'Madras', 780001, 'Tamil Nadu', 0);
INSERT INTO client_master (client_no, name, city, pincode, state, bal_due) VALUES ('C00002', 'Vandana Saitwal', 'Madras', 780001, 'Tamil Nadu', 0)
*
ERROR at line 1:
ORA-00001: unique constraint (SCOTT.CLIE_PRI) violated 


SQL> INSERT INTO client_master (client_no, name, city, pincode, state, bal_due) VALUES ('', 'Vandana Saitwal', 'Madras', 780001, 'Tamil Nadu', 0);
INSERT INTO client_master (client_no, name, city, pincode, state, bal_due) VALUES ('', 'Vandana Saitwal', 'Madras', 780001, 'Tamil Nadu', 0)
                                                                                   *
ERROR at line 1:
ORA-01400: cannot insert NULL into ("SCOTT"."CLIENT_MASTER"."CLIENT_NO") 


SQL> INSERT INTO client_master (name, city, pincode, state, bal_due) VALUES ('Vandana Saitwal', 'Madras', 780001, 'Tamil Nadu', 0);
INSERT INTO client_master (name, city, pincode, state, bal_due) VALUES ('Vandana Saitwal', 'Madras', 780001, 'Tamil Nadu', 0)
*
ERROR at line 1:
ORA-01400: cannot insert NULL into ("SCOTT"."CLIENT_MASTER"."CLIENT_NO") 


SQL> INSERT INTO client_master (client_no, name, city, pincode, state, bal_due) VALUES ('C00002', 'Vandana Saitwal', 'Madras', 780001, 'Tamil Nadu', 0);
INSERT INTO client_master (client_no, name, city, pincode, state, bal_due) VALUES ('C00002', 'Vandana Saitwal', 'Madras', 780001, 'Tamil Nadu', 0)
*
ERROR at line 1:
ORA-00001: unique constraint (SCOTT.CLIE_PRI) violated 


SQL> select * from client_master;

CLIENT NAME                           ADD1                                      
------ ------------------------------ ------------------------------            
ADD2                           CITY               PINCODE STATE                 
------------------------------ --------------- ---------- ---------------       
   BAL_DUE                                                                      
----------                                                                      
C00001 Ivan Bayross                                                             
                               Bombay              400054 Maharashtra           
     15000                                                                      
                                                                                
C00002 Vandana Saitwal                                                          
                               Madras              780001 Tamil Nadu            
         0                                                                      

CLIENT NAME                           ADD1                                      
------ ------------------------------ ------------------------------            
ADD2                           CITY               PINCODE STATE                 
------------------------------ --------------- ---------- ---------------       
   BAL_DUE                                                                      
----------                                                                      
                                                                                
C00003 Pramada Jahuste                                                          
                               Bombay              400057 Maharashtra           
      5000                                                                      
                                                                                
C00004 Basu Navindgi                                                            
                               Bombay              400056 Maharashtra           

CLIENT NAME                           ADD1                                      
------ ------------------------------ ------------------------------            
ADD2                           CITY               PINCODE STATE                 
------------------------------ --------------- ---------- ---------------       
   BAL_DUE                                                                      
----------                                                                      
         0                                                                      
                                                                                
C00005 Ravi Sreedharan                                                          
                               Delhi               100001                       
      2000                                                                      
                                                                                
C00006 Rukmini                                                                  

CLIENT NAME                           ADD1                                      
------ ------------------------------ ------------------------------            
ADD2                           CITY               PINCODE STATE                 
------------------------------ --------------- ---------- ---------------       
   BAL_DUE                                                                      
----------                                                                      
                               Bombay              400050 Maharashtra           
         0                                                                      
                                                                                

6 rows selected.

SQL> set linesize 500;
SQL> /

CLIENT NAME                           ADD1                           ADD2                           CITY               PINCODE STATE              BAL_DUE                                                                                                                                                                                                                                                                                                                                                           
------ ------------------------------ ------------------------------ ------------------------------ --------------- ---------- --------------- ----------                                                                                                                                                                                                                                                                                                                                                           
C00001 Ivan Bayross                                                                                 Bombay              400054 Maharashtra          15000                                                                                                                                                                                                                                                                                                                                                           
C00002 Vandana Saitwal                                                                              Madras              780001 Tamil Nadu               0                                                                                                                                                                                                                                                                                                                                                           
C00003 Pramada Jahuste                                                                              Bombay              400057 Maharashtra           5000                                                                                                                                                                                                                                                                                                                                                           
C00004 Basu Navindgi                                                                                Bombay              400056 Maharashtra              0                                                                                                                                                                                                                                                                                                                                                           
C00005 Ravi Sreedharan                                                                              Delhi               100001                       2000                                                                                                                                                                                                                                                                                                                                                           
C00006 Rukmini                                                                                      Bombay              400050 Maharashtra              0                                                                                                                                                                                                                                                                                                                                                           

6 rows selected.

SQL> select * from product_master;

no rows selected

SQL> select * from client_master;

CLIENT NAME                           ADD1                           ADD2                           CITY               PINCODE STATE              BAL_DUE                                                                                                                                                                                                                                                                                                                                                           
------ ------------------------------ ------------------------------ ------------------------------ --------------- ---------- --------------- ----------                                                                                                                                                                                                                                                                                                                                                           
C00001 Ivan Bayross                                                                                 Bombay              400054 Maharashtra          15000                                                                                                                                                                                                                                                                                                                                                           
C00002 Vandana Saitwal                                                                              Madras              780001 Tamil Nadu               0                                                                                                                                                                                                                                                                                                                                                           
C00003 Pramada Jahuste                                                                              Bombay              400057 Maharashtra           5000                                                                                                                                                                                                                                                                                                                                                           
C00004 Basu Navindgi                                                                                Bombay              400056 Maharashtra              0                                                                                                                                                                                                                                                                                                                                                           
C00005 Ravi Sreedharan                                                                              Delhi               100001                       2000                                                                                                                                                                                                                                                                                                                                                           
C00006 Rukmini                                                                                      Bombay              400050 Maharashtra              0                                                                                                                                                                                                                                                                                                                                                           

6 rows selected.

SQL> DESC product_master;
 Name                                                                                                                                                                                                                                                                                                  Null?    Type
 ----------------------------------------------------------------------------------------------------------------------------------------------------------------------------------------------------------------------------------------------------------------------------------------------------- -------- ----------------------------------------------------------------------------------------------------------------------------------------------------------------------------------------------------
 PRODUCT_NO                                                                                                                                                                                                                                                                                            NOT NULL VARCHAR2(6)
 DESCR                                                                                                                                                                                                                                                                                                 NOT NULL VARCHAR2(15)
 PROFIT_PERCENT                                                                                                                                                                                                                                                                                        NOT NULL NUMBER(4,2)
 UNIT_MEASURE                                                                                                                                                                                                                                                                                          NOT NULL VARCHAR2(10)
 QTY_ON_HAND                                                                                                                                                                                                                                                                                           NOT NULL NUMBER(8)
 REORDER_LVL                                                                                                                                                                                                                                                                                           NOT NULL NUMBER(8,2)
 SELL_PRICE                                                                                                                                                                                                                                                                                            NOT NULL NUMBER(8,2)
 COST_PRICE                                                                                                                                                                                                                                                                                            NOT NULL NUMBER(8,2)

SQL> SET LINESIZE 80;
SQL> DESC product_master;
 Name                                      Null?    Type
 ----------------------------------------- -------- ----------------------------
 PRODUCT_NO                                NOT NULL VARCHAR2(6)
 DESCR                                     NOT NULL VARCHAR2(15)
 PROFIT_PERCENT                            NOT NULL NUMBER(4,2)
 UNIT_MEASURE                              NOT NULL VARCHAR2(10)
 QTY_ON_HAND                               NOT NULL NUMBER(8)
 REORDER_LVL                               NOT NULL NUMBER(8,2)
 SELL_PRICE                                NOT NULL NUMBER(8,2)
 COST_PRICE                                NOT NULL NUMBER(8,2)

SQL> spool off
