SQL> SELECT * FROM TAB;

TNAME                          TABTYPE  CLUSTERID                                                                                                                                                                                                                                                                                                                       
------------------------------ ------- ----------                                                                                                                                                                                                                                                                                                                       
CHALLAN_DETAILS                TABLE                                                                                                                                                                                                                                                                                                                                    
CHALLAN_HEADER                 TABLE                                                                                                                                                                                                                                                                                                                                    
CLIENT_MASTER                  TABLE                                                                                                                                                                                                                                                                                                                                    
PRODUCT_MASTER                 TABLE                                                                                                                                                                                                                                                                                                                                    
SALESMAN_MASTER                TABLE                                                                                                                                                                                                                                                                                                                                    
SALES_ORDER                    TABLE                                                                                                                                                                                                                                                                                                                                    
SALES_ORDER_DETAILS            TABLE                                                                                                                                                                                                                                                                                                                                    

7 rows selected.

SQL> SELECT name FROM client_master;

NAME                                                                                                                                                                                                                                                                                                                                                                    
------------------------------                                                                                                                                                                                                                                                                                                                                          
Ivan Bayross                                                                                                                                                                                                                                                                                                                                                            
Vandana Saitwal                                                                                                                                                                                                                                                                                                                                                         
Pramada Jahuste                                                                                                                                                                                                                                                                                                                                                         
Basu Navindgi                                                                                                                                                                                                                                                                                                                                                           
Ravi Sreedharan                                                                                                                                                                                                                                                                                                                                                         
Rukmini                                                                                                                                                                                                                                                                                                                                                                 

6 rows selected.

SQL> SELECT * FROM client_master;

CLIENT NAME                           ADD1                           ADD2                           CITY               PINCODE STATE              BAL_DUE                                                                                                                                                                                                               
------ ------------------------------ ------------------------------ ------------------------------ --------------- ---------- --------------- ----------                                                                                                                                                                                                               
C00001 Ivan Bayross                                                                                 Bombay              400054 Maharashtra          15000                                                                                                                                                                                                               
C00002 Vandana Saitwal                                                                              Madras              780001 Tamil Nadu               0                                                                                                                                                                                                               
C00003 Pramada Jahuste                                                                              Bombay              400057 Maharashtra           5000                                                                                                                                                                                                               
C00004 Basu Navindgi                                                                                Bombay              400056 Maharashtra              0                                                                                                                                                                                                               
C00005 Ravi Sreedharan                                                                              Delhi               100001                       2000                                                                                                                                                                                                               
C00006 Rukmini                                                                                      Bombay              400050 Maharashtra              0                                                                                                                                                                                                               

6 rows selected.

SQL> SELECT name,city FROM client_master;

NAME                           CITY                                                                                                                                                                                                                                                                                                                                     
------------------------------ ---------------                                                                                                                                                                                                                                                                                                                          
Ivan Bayross                   Bombay                                                                                                                                                                                                                                                                                                                                   
Vandana Saitwal                Madras                                                                                                                                                                                                                                                                                                                                   
Pramada Jahuste                Bombay                                                                                                                                                                                                                                                                                                                                   
Basu Navindgi                  Bombay                                                                                                                                                                                                                                                                                                                                   
Ravi Sreedharan                Delhi                                                                                                                                                                                                                                                                                                                                    
Rukmini                        Bombay                                                                                                                                                                                                                                                                                                                                   

6 rows selected.

SQL> SELECT product_no FROM product_master;

PRODUC                                                                                                                                                                                                                                                                                                                                                                  
------                                                                                                                                                                                                                                                                                                                                                                  
P00001                                                                                                                                                                                                                                                                                                                                                                  
P03453                                                                                                                                                                                                                                                                                                                                                                  
P06734                                                                                                                                                                                                                                                                                                                                                                  
P07865                                                                                                                                                                                                                                                                                                                                                                  
P07868                                                                                                                                                                                                                                                                                                                                                                  
P07885                                                                                                                                                                                                                                                                                                                                                                  
P07965                                                                                                                                                                                                                                                                                                                                                                  
P07975                                                                                                                                                                                                                                                                                                                                                                  
P08865                                                                                                                                                                                                                                                                                                                                                                  

9 rows selected.

SQL> SELECT name FROM client_master WHERE name LIKE ('_a%');

NAME                                                                                                                                                                                                                                                                                                                                                                    
------------------------------                                                                                                                                                                                                                                                                                                                                          
Vandana Saitwal                                                                                                                                                                                                                                                                                                                                                         
Basu Navindgi                                                                                                                                                                                                                                                                                                                                                           
Ravi Sreedharan                                                                                                                                                                                                                                                                                                                                                         

SQL> SELECT city FROM client_master WHERE city IN('Bombay', 'Delhi', 'Madras');

CITY                                                                                                                                                                                                                                                                                                                                                                    
---------------                                                                                                                                                                                                                                                                                                                                                         
Bombay                                                                                                                                                                                                                                                                                                                                                                  
Madras                                                                                                                                                                                                                                                                                                                                                                  
Bombay                                                                                                                                                                                                                                                                                                                                                                  
Bombay                                                                                                                                                                                                                                                                                                                                                                  
Delhi                                                                                                                                                                                                                                                                                                                                                                   
Bombay                                                                                                                                                                                                                                                                                                                                                                  

6 rows selected.

SQL> SELECT * FROM client_master WHERE city = 'Bombay';

CLIENT NAME                           ADD1                           ADD2                           CITY               PINCODE STATE              BAL_DUE                                                                                                                                                                                                               
------ ------------------------------ ------------------------------ ------------------------------ --------------- ---------- --------------- ----------                                                                                                                                                                                                               
C00001 Ivan Bayross                                                                                 Bombay              400054 Maharashtra          15000                                                                                                                                                                                                               
C00003 Pramada Jahuste                                                                              Bombay              400057 Maharashtra           5000                                                                                                                                                                                                               
C00004 Basu Navindgi                                                                                Bombay              400056 Maharashtra              0                                                                                                                                                                                                               
C00006 Rukmini                                                                                      Bombay              400050 Maharashtra              0                                                                                                                                                                                                               

SQL> SELECT * FROM client_master WHERE bal_due > 1000;

CLIENT NAME                           ADD1                           ADD2                           CITY               PINCODE STATE              BAL_DUE                                                                                                                                                                                                               
------ ------------------------------ ------------------------------ ------------------------------ --------------- ---------- --------------- ----------                                                                                                                                                                                                               
C00001 Ivan Bayross                                                                                 Bombay              400054 Maharashtra          15000                                                                                                                                                                                                               
C00003 Pramada Jahuste                                                                              Bombay              400057 Maharashtra           5000                                                                                                                                                                                                               
C00005 Ravi Sreedharan                                                                              Delhi               100001                       2000                                                                                                                                                                                                               

SQL> SELECT * FROM sales_order WHERE dely_date LIKE ('%-jan-%');

no rows selected

SQL> SELECT * FROM sales_order WHERE dely_date LIKE '%-jan-%';

no rows selected

SQL> spool off
